timestamp,car_id,station_id,result,defect_type
2024-01-01 00:20:01.765179,CAR-00000,ST-16,pass,
2024-01-01 00:21:29.261622,CAR-00001,ST-16,pass,
2024-01-01 00:22:45.289838,CAR-00002,ST-16,pass,
2024-01-01 00:24:08.757295,CAR-00003,ST-16,pass,
2024-01-01 00:25:15.276457,CAR-00004,ST-16,pass,
2024-01-01 00:26:39.824270,CAR-00005,ST-16,pass,
2024-01-01 00:28:01.053673,CAR-00006,ST-16,pass,
2024-01-01 00:29:16.546013,CAR-00007,ST-16,pass,
2024-01-01 00:30:43.222900,CAR-00008,ST-16,fail,material_quality
2024-01-01 00:31:56.819461,CAR-00009,ST-16,pass,
2024-01-01 00:33:09.633265,CAR-00010,ST-16,pass,
2024-01-01 00:34:39.379443,CAR-00011,ST-16,pass,
2024-01-01 00:35:48.608785,CAR-00012,ST-16,pass,
2024-01-01 00:35:56.952610,CAR-00000,ST-26,pass,
2024-01-01 00:37:07.760940,CAR-00013,ST-16,pass,
2024-01-01 00:37:16.375816,CAR-00001,ST-26,pass,
2024-01-01 00:38:30.472680,CAR-00014,ST-16,pass,
2024-01-01 00:38:34.381026,CAR-00002,ST-26,pass,
2024-01-01 00:39:50.923060,CAR-00015,ST-16,pass,
2024-01-01 00:40:00.373816,CAR-00003,ST-26,pass,
2024-01-01 00:40:59.257043,CAR-00016,ST-16,pass,
2024-01-01 00:41:08.963181,CAR-00004,ST-26,pass,
2024-01-01 00:42:27.741773,CAR-00017,ST-16,pass,
2024-01-01 00:42:42.110096,CAR-00005,ST-26,pass,
2024-01-01 00:43:40.552973,CAR-00018,ST-16,pass,
2024-01-01 00:43:53.089487,CAR-00006,ST-26,pass,
2024-01-01 00:45:05.608724,CAR-00019,ST-16,pass,
2024-01-01 00:45:12.642264,CAR-00007,ST-26,pass,
2024-01-01 00:46:21.843050,CAR-00020,ST-16,pass,
2024-01-01 00:46:36.500748,CAR-00008,ST-26,pass,
2024-01-01 00:47:42.006576,CAR-00009,ST-26,pass,
2024-01-01 00:47:45.003509,CAR-00021,ST-16,pass,
2024-01-01 00:48:59.272043,CAR-00010,ST-26,pass,
2024-01-01 00:49:00.744014,CAR-00022,ST-16,pass,
2024-01-01 00:50:28.026451,CAR-00023,ST-16,pass,
2024-01-01 00:50:32.930305,CAR-00011,ST-26,pass,
2024-01-01 00:51:38.390825,CAR-00024,ST-16,pass,
2024-01-01 00:51:48.800435,CAR-00012,ST-26,pass,
2024-01-01 00:52:54.177562,CAR-00013,ST-26,pass,
2024-01-01 00:53:04.632100,CAR-00025,ST-16,pass,
2024-01-01 00:54:14.947854,CAR-00000,ST-42,pass,
2024-01-01 00:54:18.869741,CAR-00026,ST-16,pass,
2024-01-01 00:54:24.370910,CAR-00014,ST-26,pass,
2024-01-01 00:55:34.168579,CAR-00001,ST-42,pass,
2024-01-01 00:55:35.289396,CAR-00027,ST-16,pass,
2024-01-01 00:55:48.920127,CAR-00015,ST-26,pass,
2024-01-01 00:56:45.865561,CAR-00016,ST-26,pass,
2024-01-01 00:56:53.694521,CAR-00002,ST-42,pass,
2024-01-01 00:57:00.923588,CAR-00028,ST-16,pass,
2024-01-01 00:58:13.020731,CAR-00017,ST-26,pass,
2024-01-01 00:58:14.077009,CAR-00003,ST-42,pass,
2024-01-01 00:58:21.036096,CAR-00029,ST-16,pass,
2024-01-01 00:59:23.746979,CAR-00004,ST-42,pass,
2024-01-01 00:59:30.392602,CAR-00030,ST-16,pass,
2024-01-01 00:59:45.403301,CAR-00018,ST-26,pass,
2024-01-01 01:00:52.232796,CAR-00031,ST-16,pass,
2024-01-01 01:00:53.134925,CAR-00019,ST-26,pass,
2024-01-01 01:00:54.433831,CAR-00005,ST-42,pass,
2024-01-01 01:01:59.572434,CAR-00032,ST-16,pass,
2024-01-01 01:02:06.709977,CAR-00006,ST-42,pass,
2024-01-01 01:02:16.390059,CAR-00020,ST-26,pass,
2024-01-01 01:03:23.417327,CAR-00007,ST-42,pass,
2024-01-01 01:03:31.144859,CAR-00033,ST-16,pass,
2024-01-01 01:03:38.573459,CAR-00021,ST-26,pass,
2024-01-01 01:04:43.052944,CAR-00034,ST-16,pass,
2024-01-01 01:04:55.611094,CAR-00008,ST-42,pass,
2024-01-01 01:04:57.538664,CAR-00022,ST-26,pass,
2024-01-01 01:06:02.403098,CAR-00009,ST-42,pass,
2024-01-01 01:06:07.696181,CAR-00035,ST-16,pass,
2024-01-01 01:06:16.400567,CAR-00023,ST-26,pass,
2024-01-01 01:07:10.067752,CAR-00010,ST-42,pass,
2024-01-01 01:07:31.770772,CAR-00036,ST-16,pass,
2024-01-01 01:07:32.578799,CAR-00024,ST-26,pass,
2024-01-01 01:08:44.303404,CAR-00011,ST-42,pass,
2024-01-01 01:08:50.104947,CAR-00037,ST-16,pass,
2024-01-01 01:08:57.157879,CAR-00025,ST-26,pass,
2024-01-01 01:09:59.727832,CAR-00012,ST-42,pass,
2024-01-01 01:10:06.337966,CAR-00038,ST-16,pass,
2024-01-01 01:10:10.642021,CAR-00026,ST-26,pass,
2024-01-01 01:11:04.254674,CAR-00013,ST-42,pass,
2024-01-01 01:11:15.213008,CAR-00039,ST-16,pass,
2024-01-01 01:11:22.821127,CAR-00027,ST-26,pass,
2024-01-01 01:12:38.193272,CAR-00040,ST-16,pass,
2024-01-01 01:12:41.802267,CAR-00014,ST-42,pass,
2024-01-01 01:12:53.509738,CAR-00028,ST-26,pass,
2024-01-01 01:13:53.904171,CAR-00041,ST-16,pass,
2024-01-01 01:14:04.516577,CAR-00015,ST-42,pass,
2024-01-01 01:14:08.869889,CAR-00029,ST-26,pass,
2024-01-01 01:14:59.235464,CAR-00016,ST-42,pass,
2024-01-01 01:15:17.894684,CAR-00030,ST-26,pass,
2024-01-01 01:15:21.239919,CAR-00042,ST-16,pass,
2024-01-01 01:16:22.079267,CAR-00017,ST-42,pass,
2024-01-01 01:16:33.464838,CAR-00043,ST-16,pass,
2024-01-01 01:16:40.712404,CAR-00031,ST-26,pass,
2024-01-01 01:17:44.356361,CAR-00032,ST-26,pass,
2024-01-01 01:17:52.357040,CAR-00044,ST-16,pass,
2024-01-01 01:17:57.378343,CAR-00018,ST-42,pass,
2024-01-01 01:19:08.766810,CAR-00045,ST-16,pass,
2024-01-01 01:19:14.253494,CAR-00019,ST-42,pass,
2024-01-01 01:19:19.066638,CAR-00033,ST-26,pass,
2024-01-01 01:20:31.391397,CAR-00020,ST-42,pass,
2024-01-01 01:20:31.649574,CAR-00034,ST-26,pass,
2024-01-01 01:20:33.529941,CAR-00046,ST-16,pass,
2024-01-01 01:21:49.533683,CAR-00021,ST-42,pass,
2024-01-01 01:21:56.857465,CAR-00047,ST-16,pass,
2024-01-01 01:22:03.335066,CAR-00035,ST-26,pass,
2024-01-01 01:23:06.001529,CAR-00048,ST-16,pass,
2024-01-01 01:23:17.871089,CAR-00036,ST-26,pass,
2024-01-01 01:23:18.982183,CAR-00022,ST-42,pass,
2024-01-01 01:24:32.000331,CAR-00023,ST-42,pass,
2024-01-01 01:24:36.260809,CAR-00049,ST-16,pass,
2024-01-01 01:24:41.946960,CAR-00037,ST-26,pass,
2024-01-01 01:25:44.012602,CAR-00024,ST-42,pass,
2024-01-01 01:25:54.707222,CAR-00050,ST-16,pass,
2024-01-01 01:25:57.229360,CAR-00038,ST-26,pass,
2024-01-01 01:27:08.807194,CAR-00051,ST-16,pass,
2024-01-01 01:27:09.820960,CAR-00039,ST-26,pass,
2024-01-01 01:27:13.789867,CAR-00025,ST-42,pass,
2024-01-01 01:28:21.598647,CAR-00026,ST-42,pass,
2024-01-01 01:28:28.388981,CAR-00052,ST-16,pass,
2024-01-01 01:28:34.523964,CAR-00040,ST-26,pass,
2024-01-01 01:29:35.432064,CAR-00027,ST-42,pass,
2024-01-01 01:29:41.610502,CAR-00041,ST-26,pass,
2024-01-01 01:29:46.833690,CAR-00053,ST-16,pass,
2024-01-01 01:31:08.092746,CAR-00054,ST-16,pass,
2024-01-01 01:31:10.020587,CAR-00028,ST-42,pass,
2024-01-01 01:31:11.844167,CAR-00042,ST-26,pass,
2024-01-01 01:32:19.215820,CAR-00029,ST-42,pass,
2024-01-01 01:32:24.684745,CAR-00043,ST-26,pass,
2024-01-01 01:32:32.702768,CAR-00055,ST-16,pass,
2024-01-01 01:33:35.368079,CAR-00030,ST-42,pass,
2024-01-01 01:33:37.847595,CAR-00044,ST-26,pass,
2024-01-01 01:33:43.580085,CAR-00056,ST-16,pass,
2024-01-01 01:34:52.575618,CAR-00031,ST-42,pass,
2024-01-01 01:35:02.329382,CAR-00045,ST-26,pass,
2024-01-01 01:35:09.662958,CAR-00057,ST-16,pass,
2024-01-01 01:35:59.335042,CAR-00032,ST-42,pass,
2024-01-01 01:36:19.852729,CAR-00046,ST-26,pass,
2024-01-01 01:36:26.588028,CAR-00058,ST-16,pass,
2024-01-01 01:37:32.420538,CAR-00033,ST-42,pass,
2024-01-01 01:37:39.626236,CAR-00047,ST-26,pass,
2024-01-01 01:37:40.823528,CAR-00059,ST-16,pass,
2024-01-01 01:38:51.282364,CAR-00034,ST-42,pass,
2024-01-01 01:38:57.118666,CAR-00060,ST-16,pass,
2024-01-01 01:38:57.583156,CAR-00048,ST-26,pass,
2024-01-01 01:40:17.883596,CAR-00061,ST-16,pass,
2024-01-01 01:40:19.441648,CAR-00035,ST-42,pass,
2024-01-01 01:40:28.874589,CAR-00049,ST-26,pass,
2024-01-01 01:41:38.392670,CAR-00036,ST-42,pass,
2024-01-01 01:41:44.201777,CAR-00062,ST-16,pass,
2024-01-01 01:41:46.612123,CAR-00050,ST-26,pass,
2024-01-01 01:42:56.728293,CAR-00037,ST-42,pass,
2024-01-01 01:43:00.555265,CAR-00051,ST-26,pass,
2024-01-01 01:43:01.481836,CAR-00063,ST-16,pass,
2024-01-01 01:44:15.282456,CAR-00038,ST-42,pass,
2024-01-01 01:44:19.594124,CAR-00052,ST-26,pass,
2024-01-01 01:44:29.167441,CAR-00064,ST-16,pass,
2024-01-01 01:45:21.001623,CAR-00039,ST-42,pass,
2024-01-01 01:45:35.534795,CAR-00053,ST-26,pass,
2024-01-01 01:45:40.906567,CAR-00065,ST-16,pass,
2024-01-01 01:46:51.565089,CAR-00040,ST-42,pass,
2024-01-01 01:46:55.070097,CAR-00054,ST-26,pass,
2024-01-01 01:46:57.681447,CAR-00066,ST-16,pass,
2024-01-01 01:47:55.878642,CAR-00041,ST-42,pass,
2024-01-01 01:48:23.073574,CAR-00055,ST-26,pass,
2024-01-01 01:48:28.619685,CAR-00067,ST-16,pass,
2024-01-01 01:49:25.193899,CAR-00042,ST-42,pass,
2024-01-01 01:49:37.806340,CAR-00068,ST-16,pass,
2024-01-01 01:49:39.735961,CAR-00056,ST-26,pass,
2024-01-01 01:50:40.716584,CAR-00043,ST-42,pass,
2024-01-01 01:50:57.689150,CAR-00069,ST-16,pass,
2024-01-01 01:51:01.966371,CAR-00057,ST-26,pass,
2024-01-01 01:51:48.968796,CAR-00044,ST-42,pass,
2024-01-01 01:52:10.606954,CAR-00070,ST-16,pass,
2024-01-01 01:52:16.070179,CAR-00058,ST-26,pass,
2024-01-01 01:53:14.198083,CAR-00045,ST-42,pass,
2024-01-01 01:53:30.120796,CAR-00071,ST-16,pass,
2024-01-01 01:53:33.198550,CAR-00059,ST-26,pass,
2024-01-01 01:54:20.926535,CAR-00046,ST-42,pass,
2024-01-01 01:54:54.561951,CAR-00060,ST-26,pass,
2024-01-01 01:54:57.295555,CAR-00072,ST-16,pass,
2024-01-01 01:56:02.117863,CAR-00047,ST-42,pass,
2024-01-01 01:56:04.751478,CAR-00061,ST-26,pass,
2024-01-01 01:56:18.164790,CAR-00073,ST-16,pass,
2024-01-01 01:57:15.000310,CAR-00048,ST-42,pass,
2024-01-01 01:57:27.854005,CAR-00074,ST-16,pass,
2024-01-01 01:57:43.608919,CAR-00062,ST-26,pass,
2024-01-01 01:58:46.301509,CAR-00049,ST-42,pass,
2024-01-01 01:58:46.583830,CAR-00063,ST-26,pass,
2024-01-01 01:58:53.339756,CAR-00075,ST-16,fail,material_quality
2024-01-01 02:00:02.217250,CAR-00050,ST-42,fail,torque_drift
2024-01-01 02:00:14.131650,CAR-00076,ST-16,pass,
2024-01-01 02:00:21.683650,CAR-00064,ST-26,pass,
2024-01-01 02:01:20.738986,CAR-00051,ST-42,fail,torque_drift
2024-01-01 02:01:31.188763,CAR-00065,ST-26,pass,
2024-01-01 02:01:32.252590,CAR-00077,ST-16,pass,
2024-01-01 02:02:38.262924,CAR-00052,ST-42,fail,torque_drift
2024-01-01 02:02:43.618879,CAR-00078,ST-16,pass,
2024-01-01 02:02:49.362525,CAR-00066,ST-26,pass,
2024-01-01 02:03:56.507935,CAR-00053,ST-42,fail,torque_drift
2024-01-01 02:04:04.456877,CAR-00079,ST-16,pass,
2024-01-01 02:04:24.993498,CAR-00067,ST-26,pass,
2024-01-01 02:05:09.631321,CAR-00054,ST-42,fail,torque_drift
2024-01-01 02:05:16.829292,CAR-00080,ST-16,pass,
2024-01-01 02:05:32.606107,CAR-00068,ST-26,fail,material_quality
2024-01-01 02:06:38.651574,CAR-00081,ST-16,pass,
2024-01-01 02:06:38.881416,CAR-00055,ST-42,fail,torque_drift
2024-01-01 02:06:39.402473,CAR-00069,ST-26,pass,
2024-01-01 02:07:51.523187,CAR-00070,ST-26,pass,
2024-01-01 02:07:54.900051,CAR-00056,ST-42,fail,torque_drift
2024-01-01 02:07:58.480677,CAR-00082,ST-16,pass,
2024-01-01 02:09:21.329703,CAR-00057,ST-42,fail,torque_drift
2024-01-01 02:09:24.739741,CAR-00071,ST-26,pass,
2024-01-01 02:09:26.103132,CAR-00083,ST-16,pass,
2024-01-01 02:10:34.316216,CAR-00058,ST-42,fail,torque_drift
2024-01-01 02:10:41.119830,CAR-00084,ST-16,pass,
2024-01-01 02:10:52.929423,CAR-00072,ST-26,pass,
2024-01-01 02:11:50.345393,CAR-00059,ST-42,fail,torque_drift
2024-01-01 02:11:53.369258,CAR-00085,ST-16,pass,
2024-01-01 02:12:02.570901,CAR-00073,ST-26,pass,
2024-01-01 02:13:03.914238,CAR-00060,ST-42,fail,torque_drift
2024-01-01 02:13:17.525247,CAR-00086,ST-16,pass,
2024-01-01 02:13:19.654326,CAR-00074,ST-26,pass,
2024-01-01 02:14:21.158317,CAR-00061,ST-42,fail,torque_drift
2024-01-01 02:14:38.739184,CAR-00087,ST-16,pass,
2024-01-01 02:14:49.469124,CAR-00075,ST-26,pass,
2024-01-01 02:15:55.369799,CAR-00076,ST-26,pass,
2024-01-01 02:15:56.320229,CAR-00088,ST-16,pass,
2024-01-01 02:16:01.401135,CAR-00062,ST-42,fail,torque_drift
2024-01-01 02:16:57.863274,CAR-00063,ST-42,fail,torque_drift
2024-01-01 02:17:19.180615,CAR-00089,ST-16,pass,
2024-01-01 02:17:21.555719,CAR-00077,ST-26,pass,
2024-01-01 02:18:33.717439,CAR-00078,ST-26,pass,
2024-01-01 02:18:36.773407,CAR-00064,ST-42,fail,torque_drift
2024-01-01 02:18:39.708510,CAR-00090,ST-16,pass,
2024-01-01 02:19:50.781314,CAR-00065,ST-42,fail,torque_drift
2024-01-01 02:19:53.019890,CAR-00079,ST-26,pass,
2024-01-01 02:19:53.292268,CAR-00091,ST-16,pass,
2024-01-01 02:21:08.362958,CAR-00066,ST-42,fail,torque_drift
2024-01-01 02:21:14.146728,CAR-00092,ST-16,pass,
2024-01-01 02:21:15.299770,CAR-00080,ST-26,pass,
2024-01-01 02:22:25.726127,CAR-00081,ST-26,pass,
2024-01-01 02:22:30.657780,CAR-00093,ST-16,pass,
2024-01-01 02:22:39.586444,CAR-00067,ST-42,fail,torque_drift
2024-01-01 02:23:41.663080,CAR-00068,ST-42,fail,torque_drift
2024-01-01 02:23:51.188167,CAR-00094,ST-16,pass,
2024-01-01 02:23:51.503630,CAR-00082,ST-26,pass,
2024-01-01 02:24:47.902157,CAR-00069,ST-42,fail,torque_drift
2024-01-01 02:25:07.208704,CAR-00083,ST-26,pass,
2024-01-01 02:25:14.988822,CAR-00095,ST-16,pass,
2024-01-01 02:26:01.918177,CAR-00070,ST-42,fail,torque_drift
2024-01-01 02:26:24.647571,CAR-00096,ST-16,pass,
2024-01-01 02:26:35.061236,CAR-00084,ST-26,pass,
2024-01-01 02:27:43.066844,CAR-00097,ST-16,pass,
2024-01-01 02:27:43.228750,CAR-00071,ST-42,fail,torque_drift
2024-01-01 02:27:50.363240,CAR-00085,ST-26,pass,
2024-01-01 02:29:06.152996,CAR-00072,ST-42,fail,torque_drift
2024-01-01 02:29:14.658019,CAR-00098,ST-16,pass,
2024-01-01 02:29:19.821593,CAR-00086,ST-26,pass,
2024-01-01 02:30:20.313180,CAR-00073,ST-42,fail,torque_drift
2024-01-01 02:30:25.031653,CAR-00087,ST-26,pass,
2024-01-01 02:30:26.360106,CAR-00099,ST-16,pass,
2024-01-01 02:31:35.067939,CAR-00074,ST-42,fail,torque_drift
2024-01-01 02:31:41.282005,CAR-00100,ST-16,pass,
2024-01-01 02:31:49.650399,CAR-00088,ST-26,pass,
2024-01-01 02:33:02.413098,CAR-00101,ST-16,pass,
2024-01-01 02:33:06.598337,CAR-00089,ST-26,pass,
2024-01-01 02:33:08.881696,CAR-00075,ST-42,fail,torque_drift
2024-01-01 02:34:07.578941,CAR-00076,ST-42,fail,torque_drift
2024-01-01 02:34:29.622875,CAR-00102,ST-16,pass,
2024-01-01 02:34:34.213610,CAR-00090,ST-26,pass,
2024-01-01 02:35:36.638170,CAR-00103,ST-16,pass,
2024-01-01 02:35:47.532144,CAR-00091,ST-26,pass,
2024-01-01 02:35:49.351735,CAR-00077,ST-42,fail,torque_drift
2024-01-01 02:36:46.186336,CAR-00078,ST-42,fail,torque_drift
2024-01-01 02:36:55.829431,CAR-00104,ST-16,pass,
2024-01-01 02:37:04.096776,CAR-00092,ST-26,pass,
2024-01-01 02:38:07.377719,CAR-00079,ST-42,fail,torque_drift
2024-01-01 02:38:10.007090,CAR-00105,ST-16,pass,
2024-01-01 02:38:24.472655,CAR-00093,ST-26,pass,
2024-01-01 02:39:34.748080,CAR-00080,ST-42,pass,
2024-01-01 02:39:34.757850,CAR-00106,ST-16,pass,
2024-01-01 02:39:37.030045,CAR-00094,ST-26,pass,
2024-01-01 02:40:38.035270,CAR-00081,ST-42,pass,
2024-01-01 02:40:54.612902,CAR-00095,ST-26,pass,
2024-01-01 02:40:54.652660,CAR-00107,ST-16,pass,
2024-01-01 02:42:08.536379,CAR-00082,ST-42,pass,
2024-01-01 02:42:15.066706,CAR-00096,ST-26,pass,
2024-01-01 02:42:16.755651,CAR-00108,ST-16,pass,
2024-01-01 02:43:24.558430,CAR-00083,ST-42,pass,
2024-01-01 02:43:26.976616,CAR-00109,ST-16,pass,
2024-01-01 02:43:33.434432,CAR-00097,ST-26,pass,
2024-01-01 02:44:47.899484,CAR-00084,ST-42,pass,
2024-01-01 02:44:51.868518,CAR-00110,ST-16,pass,
2024-01-01 02:45:05.808068,CAR-00098,ST-26,pass,
2024-01-01 02:45:56.271341,CAR-00085,ST-42,pass,
2024-01-01 02:46:05.185952,CAR-00111,ST-16,fail,material_quality
2024-01-01 02:46:17.527547,CAR-00099,ST-26,pass,
2024-01-01 02:47:26.878025,CAR-00086,ST-42,pass,
2024-01-01 02:47:30.610005,CAR-00112,ST-16,pass,
2024-01-01 02:47:38.241012,CAR-00100,ST-26,pass,
2024-01-01 02:48:48.436868,CAR-00101,ST-26,pass,
2024-01-01 02:48:48.775837,CAR-00087,ST-42,pass,
2024-01-01 02:48:58.294862,CAR-00113,ST-16,pass,
2024-01-01 02:50:04.730921,CAR-00114,ST-16,fail,material_quality
2024-01-01 02:50:08.571571,CAR-00088,ST-42,pass,
2024-01-01 02:50:21.054632,CAR-00102,ST-26,pass,
2024-01-01 02:51:25.772776,CAR-00103,ST-26,pass,
2024-01-01 02:51:29.303597,CAR-00089,ST-42,pass,
2024-01-01 02:51:29.472606,CAR-00115,ST-16,pass,
2024-01-01 02:52:36.067381,CAR-00104,ST-26,pass,
2024-01-01 02:52:48.483053,CAR-00090,ST-42,pass,
2024-01-01 02:52:50.603559,CAR-00116,ST-16,pass,
2024-01-01 02:53:59.029590,CAR-00105,ST-26,pass,
2024-01-01 02:54:00.761225,CAR-00091,ST-42,pass,
2024-01-01 02:54:12.607393,CAR-00117,ST-16,pass,
2024-01-01 02:55:14.307448,CAR-00092,ST-42,pass,
2024-01-01 02:55:27.155563,CAR-00106,ST-26,pass,
2024-01-01 02:55:28.793553,CAR-00118,ST-16,pass,
2024-01-01 02:56:36.429736,CAR-00093,ST-42,pass,
2024-01-01 02:56:44.862806,CAR-00107,ST-26,pass,
2024-01-01 02:56:50.681227,CAR-00119,ST-16,pass,
2024-01-01 02:57:51.698923,CAR-00094,ST-42,pass,
2024-01-01 02:58:03.284190,CAR-00108,ST-26,pass,
2024-01-01 02:58:08.219188,CAR-00120,ST-16,pass,
2024-01-01 02:59:07.269243,CAR-00095,ST-42,pass,
2024-01-01 02:59:16.849402,CAR-00109,ST-26,pass,
2024-01-01 02:59:20.952158,CAR-00121,ST-16,pass,
2024-01-01 03:00:35.017229,CAR-00096,ST-42,pass,
2024-01-01 03:00:44.680224,CAR-00110,ST-26,pass,
2024-01-01 03:00:51.131184,CAR-00122,ST-16,pass,
2024-01-01 03:01:47.650198,CAR-00097,ST-42,pass,
2024-01-01 03:01:51.542699,CAR-00111,ST-26,pass,
2024-01-01 03:02:08.533364,CAR-00123,ST-16,pass,
2024-01-01 03:03:17.589693,CAR-00098,ST-42,pass,
2024-01-01 03:03:24.197770,CAR-00112,ST-26,pass,
2024-01-01 03:03:30.379953,CAR-00124,ST-16,pass,
2024-01-01 03:04:27.864268,CAR-00125,ST-16,pass,
2024-01-01 03:04:30.590355,CAR-00099,ST-42,pass,
2024-01-01 03:04:43.740550,CAR-00113,ST-26,pass,
2024-01-01 03:05:54.494167,CAR-00126,ST-16,pass,
2024-01-01 03:05:57.305922,CAR-00114,ST-26,pass,
2024-01-01 03:05:58.793780,CAR-00100,ST-42,pass,
2024-01-01 03:07:03.224136,CAR-00101,ST-42,pass,
2024-01-01 03:07:15.372706,CAR-00127,ST-16,pass,
2024-01-01 03:07:21.292799,CAR-00115,ST-26,pass,
2024-01-01 03:08:34.778375,CAR-00128,ST-16,pass,
2024-01-01 03:08:37.100438,CAR-00102,ST-42,pass,
2024-01-01 03:08:45.072916,CAR-00116,ST-26,pass,
2024-01-01 03:09:47.797692,CAR-00129,ST-16,pass,
2024-01-01 03:09:47.905804,CAR-00103,ST-42,pass,
2024-01-01 03:10:03.500457,CAR-00117,ST-26,pass,
2024-01-01 03:10:50.167010,CAR-00104,ST-42,pass,
2024-01-01 03:11:15.018788,CAR-00130,ST-16,pass,
2024-01-01 03:11:21.665288,CAR-00118,ST-26,pass,
2024-01-01 03:12:21.185225,CAR-00105,ST-42,pass,
2024-01-01 03:12:21.886528,CAR-00131,ST-16,pass,
2024-01-01 03:12:46.603052,CAR-00119,ST-26,pass,
2024-01-01 03:13:37.183071,CAR-00106,ST-42,pass,
2024-01-01 03:13:51.271381,CAR-00132,ST-16,pass,
2024-01-01 03:14:00.543382,CAR-00120,ST-26,pass,
2024-01-01 03:15:00.463158,CAR-00107,ST-42,pass,
2024-01-01 03:15:07.046559,CAR-00121,ST-26,pass,
2024-01-01 03:15:16.846242,CAR-00133,ST-16,pass,
2024-01-01 03:16:17.711880,CAR-00108,ST-42,pass,
2024-01-01 03:16:25.251364,CAR-00134,ST-16,pass,
2024-01-01 03:16:42.546461,CAR-00122,ST-26,pass,
2024-01-01 03:17:33.595116,CAR-00109,ST-42,pass,
2024-01-01 03:17:54.699721,CAR-00135,ST-16,pass,
2024-01-01 03:18:00.614863,CAR-00123,ST-26,pass,
2024-01-01 03:19:00.371965,CAR-00110,ST-42,pass,
2024-01-01 03:19:03.545190,CAR-00136,ST-16,pass,
2024-01-01 03:19:23.710607,CAR-00124,ST-26,pass,
2024-01-01 03:20:01.843120,CAR-00111,ST-42,pass,
2024-01-01 03:20:20.522742,CAR-00125,ST-26,pass,
2024-01-01 03:20:26.113149,CAR-00137,ST-16,pass,
2024-01-01 03:21:34.846052,CAR-00112,ST-42,pass,
2024-01-01 03:21:45.236084,CAR-00138,ST-16,pass,
2024-01-01 03:21:46.599961,CAR-00126,ST-26,pass,
2024-01-01 03:22:53.850216,CAR-00113,ST-42,pass,
2024-01-01 03:22:57.771382,CAR-00127,ST-26,pass,
2024-01-01 03:23:07.952943,CAR-00139,ST-16,pass,
2024-01-01 03:24:12.461417,CAR-00114,ST-42,pass,
2024-01-01 03:24:23.248160,CAR-00140,ST-16,pass,
2024-01-01 03:24:23.422590,CAR-00128,ST-26,pass,
2024-01-01 03:25:40.042861,CAR-00115,ST-42,pass,
2024-01-01 03:25:40.459248,CAR-00129,ST-26,pass,
2024-01-01 03:25:48.241183,CAR-00141,ST-16,pass,
2024-01-01 03:26:57.145686,CAR-00116,ST-42,pass,
2024-01-01 03:27:01.506063,CAR-00142,ST-16,pass,
2024-01-01 03:27:12.079643,CAR-00130,ST-26,pass,
2024-01-01 03:28:08.191731,CAR-00117,ST-42,pass,
2024-01-01 03:28:16.134479,CAR-00131,ST-26,pass,
2024-01-01 03:28:21.657106,CAR-00143,ST-16,pass,
2024-01-01 03:29:38.477880,CAR-00118,ST-42,pass,
2024-01-01 03:29:38.708520,CAR-00144,ST-16,pass,
2024-01-01 03:29:45.620471,CAR-00132,ST-26,pass,
2024-01-01 03:30:54.569462,CAR-00119,ST-42,pass,
2024-01-01 03:30:54.887293,CAR-00145,ST-16,pass,
2024-01-01 03:31:11.353164,CAR-00133,ST-26,pass,
2024-01-01 03:32:04.671605,CAR-00146,ST-16,pass,
2024-01-01 03:32:12.089004,CAR-00120,ST-42,pass,
2024-01-01 03:32:15.531460,CAR-00134,ST-26,pass,
2024-01-01 03:33:19.108091,CAR-00121,ST-42,pass,
2024-01-01 03:33:31.667777,CAR-00147,ST-16,pass,
2024-01-01 03:33:48.535255,CAR-00135,ST-26,pass,
2024-01-01 03:34:48.046588,CAR-00136,ST-26,pass,
2024-01-01 03:34:58.376570,CAR-00148,ST-16,pass,
2024-01-01 03:35:03.913367,CAR-00122,ST-42,pass,
2024-01-01 03:36:07.707343,CAR-00123,ST-42,pass,
2024-01-01 03:36:10.100093,CAR-00149,ST-16,pass,
2024-01-01 03:36:20.476193,CAR-00137,ST-26,pass,
2024-01-01 03:37:33.139539,CAR-00138,ST-26,pass,
2024-01-01 03:37:35.815286,CAR-00150,ST-16,pass,
2024-01-01 03:37:41.695054,CAR-00124,ST-42,pass,
2024-01-01 03:38:37.639450,CAR-00125,ST-42,pass,
2024-01-01 03:38:52.163544,CAR-00151,ST-16,pass,
2024-01-01 03:39:00.579558,CAR-00139,ST-26,pass,
2024-01-01 03:39:54.261666,CAR-00126,ST-42,pass,
2024-01-01 03:40:10.083237,CAR-00140,ST-26,pass,
2024-01-01 03:40:10.396327,CAR-00152,ST-16,pass,
2024-01-01 03:41:17.938626,CAR-00127,ST-42,pass,
2024-01-01 03:41:32.452344,CAR-00153,ST-16,pass,
2024-01-01 03:41:45.489760,CAR-00141,ST-26,pass,
2024-01-01 03:42:39.145144,CAR-00128,ST-42,pass,
2024-01-01 03:42:43.476270,CAR-00154,ST-16,pass,
2024-01-01 03:42:49.438732,CAR-00142,ST-26,pass,
2024-01-01 03:43:53.928793,CAR-00129,ST-42,pass,
2024-01-01 03:44:02.815753,CAR-00155,ST-16,pass,
2024-01-01 03:44:11.178161,CAR-00143,ST-26,pass,
2024-01-01 03:45:24.413358,CAR-00130,ST-42,pass,
2024-01-01 03:45:31.490083,CAR-00156,ST-16,pass,
2024-01-01 03:45:36.751495,CAR-00144,ST-26,pass,
2024-01-01 03:46:28.093806,CAR-00131,ST-42,pass,
2024-01-01 03:46:38.812759,CAR-00157,ST-16,pass,
2024-01-01 03:46:47.855671,CAR-00145,ST-26,pass,
2024-01-01 03:47:52.937681,CAR-00146,ST-26,pass,
2024-01-01 03:48:06.687811,CAR-00132,ST-42,pass,
2024-01-01 03:48:10.624080,CAR-00158,ST-16,pass,
2024-01-01 03:49:19.222264,CAR-00159,ST-16,pass,
2024-01-01 03:49:20.695190,CAR-00147,ST-26,pass,
2024-01-01 03:49:29.523828,CAR-00133,ST-42,pass,
2024-01-01 03:50:34.426411,CAR-00134,ST-42,pass,
2024-01-01 03:50:36.453269,CAR-00148,ST-26,pass,
2024-01-01 03:50:51.811658,CAR-00160,ST-16,pass,
2024-01-01 03:51:54.664318,CAR-00161,ST-16,pass,
2024-01-01 03:52:04.289594,CAR-00135,ST-42,pass,
2024-01-01 03:52:09.619156,CAR-00149,ST-26,pass,
2024-01-01 03:53:06.453217,CAR-00136,ST-42,pass,
2024-01-01 03:53:21.880190,CAR-00150,ST-26,fail,environmental_excursion
2024-01-01 03:53:22.817266,CAR-00162,ST-16,pass,
2024-01-01 03:54:42.518120,CAR-00163,ST-16,pass,
2024-01-01 03:54:42.817114,CAR-00151,ST-26,fail,environmental_excursion
2024-01-01 03:54:43.246745,CAR-00137,ST-42,pass,
2024-01-01 03:55:46.676453,CAR-00138,ST-42,pass,
2024-01-01 03:55:50.931978,CAR-00152,ST-26,fail,environmental_excursion
2024-01-01 03:55:58.919335,CAR-00164,ST-16,pass,
2024-01-01 03:57:15.268614,CAR-00139,ST-42,pass,
2024-01-01 03:57:18.645018,CAR-00165,ST-16,pass,
2024-01-01 03:57:23.252535,CAR-00153,ST-26,fail,environmental_excursion
2024-01-01 03:58:30.083132,CAR-00154,ST-26,fail,environmental_excursion
2024-01-01 03:58:31.899089,CAR-00140,ST-42,pass,
2024-01-01 03:58:32.570171,CAR-00166,ST-16,pass,
2024-01-01 03:59:47.514818,CAR-00155,ST-26,fail,environmental_excursion
2024-01-01 03:59:56.617925,CAR-00141,ST-42,pass,
2024-01-01 03:59:57.416709,CAR-00167,ST-16,pass,
2024-01-01 04:01:08.155929,CAR-00142,ST-42,pass,
2024-01-01 04:01:16.061302,CAR-00156,ST-26,fail,environmental_excursion
2024-01-01 04:01:24.080214,CAR-00168,ST-16,pass,
2024-01-01 04:02:31.127883,CAR-00143,ST-42,pass,
2024-01-01 04:02:31.546974,CAR-00169,ST-16,pass,
2024-01-01 04:02:44.274315,CAR-00157,ST-26,fail,environmental_excursion
2024-01-01 04:03:49.122990,CAR-00170,ST-16,pass,
2024-01-01 04:03:51.468154,CAR-00144,ST-42,pass,
2024-01-01 04:03:58.117065,CAR-00158,ST-26,fail,environmental_excursion
2024-01-01 04:05:05.785622,CAR-00145,ST-42,pass,
2024-01-01 04:05:06.177916,CAR-00159,ST-26,fail,environmental_excursion
2024-01-01 04:05:14.621564,CAR-00171,ST-16,pass,
2024-01-01 04:06:12.503045,CAR-00146,ST-42,pass,
2024-01-01 04:06:20.369242,CAR-00172,ST-16,pass,
2024-01-01 04:06:47.880388,CAR-00160,ST-26,fail,environmental_excursion
2024-01-01 04:07:36.703446,CAR-00147,ST-42,pass,
2024-01-01 04:07:42.546238,CAR-00161,ST-26,fail,environmental_excursion
2024-01-01 04:07:53.240952,CAR-00173,ST-16,pass,
2024-01-01 04:08:45.738557,CAR-00148,ST-42,pass,
2024-01-01 04:09:09.995667,CAR-00174,ST-16,pass,
2024-01-01 04:09:14.336477,CAR-00162,ST-26,fail,environmental_excursion
2024-01-01 04:10:23.529854,CAR-00149,ST-42,pass,
2024-01-01 04:10:35.070705,CAR-00175,ST-16,pass,
2024-01-01 04:10:35.415570,CAR-00163,ST-26,fail,environmental_excursion
2024-01-01 04:11:36.972445,CAR-00150,ST-42,pass,
2024-01-01 04:11:46.631317,CAR-00176,ST-16,pass,
2024-01-01 04:11:49.104446,CAR-00164,ST-26,fail,environmental_excursion
2024-01-01 04:12:56.612939,CAR-00151,ST-42,pass,
2024-01-01 04:13:05.724972,CAR-00177,ST-16,pass,
2024-01-01 04:13:09.928345,CAR-00165,ST-26,fail,environmental_excursion
2024-01-01 04:14:05.634517,CAR-00152,ST-42,pass,
2024-01-01 04:14:24.212433,CAR-00166,ST-26,fail,environmental_excursion
2024-01-01 04:14:27.579353,CAR-00178,ST-16,pass,
2024-01-01 04:15:34.643993,CAR-00179,ST-16,pass,
2024-01-01 04:15:36.970691,CAR-00153,ST-42,pass,
2024-01-01 04:15:51.897872,CAR-00167,ST-26,fail,environmental_excursion
2024-01-01 04:16:38.712760,CAR-00154,ST-42,pass,
2024-01-01 04:16:57.292425,CAR-00180,ST-16,pass,
2024-01-01 04:17:12.172662,CAR-00168,ST-26,fail,environmental_excursion
2024-01-01 04:17:57.662634,CAR-00155,ST-42,pass,
2024-01-01 04:18:11.566863,CAR-00181,ST-16,pass,
2024-01-01 04:18:22.931912,CAR-00169,ST-26,fail,environmental_excursion
2024-01-01 04:19:25.428353,CAR-00156,ST-42,pass,
2024-01-01 04:19:35.667550,CAR-00170,ST-26,fail,environmental_excursion
2024-01-01 04:19:42.459013,CAR-00182,ST-16,pass,
2024-01-01 04:20:50.688432,CAR-00183,ST-16,pass,
2024-01-01 04:20:51.090313,CAR-00157,ST-42,pass,
2024-01-01 04:21:07.808735,CAR-00171,ST-26,pass,
2024-01-01 04:22:10.922709,CAR-00158,ST-42,pass,
2024-01-01 04:22:12.056241,CAR-00172,ST-26,pass,
2024-01-01 04:22:19.462856,CAR-00184,ST-16,pass,
2024-01-01 04:23:30.064461,CAR-00159,ST-42,pass,
2024-01-01 04:23:39.640494,CAR-00185,ST-16,pass,
2024-01-01 04:23:42.154034,CAR-00173,ST-26,pass,
2024-01-01 04:24:51.012722,CAR-00186,ST-16,pass,
2024-01-01 04:25:04.255589,CAR-00174,ST-26,pass,
2024-01-01 04:25:08.433829,CAR-00160,ST-42,pass,
2024-01-01 04:25:58.904236,CAR-00161,ST-42,pass,
2024-01-01 04:26:22.938870,CAR-00187,ST-16,pass,
2024-01-01 04:26:29.688421,CAR-00175,ST-26,pass,
2024-01-01 04:27:24.255280,CAR-00162,ST-42,pass,
2024-01-01 04:27:35.765433,CAR-00188,ST-16,pass,
2024-01-01 04:27:38.572038,CAR-00176,ST-26,pass,
2024-01-01 04:28:53.357540,CAR-00177,ST-26,pass,
2024-01-01 04:28:54.899607,CAR-00163,ST-42,pass,
2024-01-01 04:28:57.914837,CAR-00189,ST-16,pass,
2024-01-01 04:30:13.948683,CAR-00164,ST-42,pass,
2024-01-01 04:30:15.163429,CAR-00190,ST-16,pass,
2024-01-01 04:30:27.103359,CAR-00178,ST-26,pass,
2024-01-01 04:31:22.063853,CAR-00165,ST-42,pass,
2024-01-01 04:31:24.683578,CAR-00179,ST-26,pass,
2024-01-01 04:31:29.659135,CAR-00191,ST-16,pass,
2024-01-01 04:32:37.595326,CAR-00166,ST-42,pass,
2024-01-01 04:32:43.826791,CAR-00192,ST-16,pass,
2024-01-01 04:32:47.842706,CAR-00180,ST-26,pass,
2024-01-01 04:33:56.355843,CAR-00181,ST-26,pass,
2024-01-01 04:34:02.689642,CAR-00167,ST-42,pass,
2024-01-01 04:34:08.243534,CAR-00193,ST-16,pass,
2024-01-01 04:35:26.263711,CAR-00168,ST-42,pass,
2024-01-01 04:35:27.182886,CAR-00194,ST-16,pass,
2024-01-01 04:35:36.727266,CAR-00182,ST-26,pass,
2024-01-01 04:36:39.304493,CAR-00169,ST-42,pass,
2024-01-01 04:36:41.287396,CAR-00195,ST-16,pass,
2024-01-01 04:36:41.352328,CAR-00183,ST-26,pass,
2024-01-01 04:37:51.331547,CAR-00170,ST-42,pass,
2024-01-01 04:38:07.871059,CAR-00196,ST-16,pass,
2024-01-01 04:38:08.477035,CAR-00184,ST-26,pass,
2024-01-01 04:39:16.888588,CAR-00171,ST-42,pass,
2024-01-01 04:39:26.150212,CAR-00185,ST-26,pass,
2024-01-01 04:39:33.144585,CAR-00197,ST-16,pass,
2024-01-01 04:40:29.452521,CAR-00172,ST-42,pass,
2024-01-01 04:40:45.679386,CAR-00198,ST-16,pass,
2024-01-01 04:40:47.841353,CAR-00186,ST-26,pass,
2024-01-01 04:41:44.863018,CAR-00173,ST-42,pass,
2024-01-01 04:41:59.976042,CAR-00199,ST-16,pass,
2024-01-01 04:42:20.070549,CAR-00187,ST-26,pass,
2024-01-01 04:43:17.504478,CAR-00200,ST-16,fail,operator_handover_shift
2024-01-01 04:43:18.280320,CAR-00174,ST-42,pass,
2024-01-01 04:43:20.917908,CAR-00188,ST-26,pass,
2024-01-01 04:44:39.932344,CAR-00175,ST-42,fail,material_quality
2024-01-01 04:44:49.386657,CAR-00201,ST-16,fail,operator_handover_shift
2024-01-01 04:44:54.306462,CAR-00189,ST-26,pass,
2024-01-01 04:45:48.135447,CAR-00176,ST-42,pass,
2024-01-01 04:45:58.317061,CAR-00190,ST-26,pass,
2024-01-01 04:46:04.556315,CAR-00202,ST-16,fail,operator_handover_shift
2024-01-01 04:47:07.040537,CAR-00177,ST-42,pass,
2024-01-01 04:47:22.423646,CAR-00203,ST-16,fail,operator_handover_shift
2024-01-01 04:47:25.412514,CAR-00191,ST-26,pass,
2024-01-01 04:48:34.599593,CAR-00192,ST-26,pass,
2024-01-01 04:48:35.617182,CAR-00204,ST-16,fail,operator_handover_shift
2024-01-01 04:48:43.035716,CAR-00178,ST-42,pass,
2024-01-01 04:49:37.317315,CAR-00179,ST-42,pass,
2024-01-01 04:50:03.382425,CAR-00205,ST-16,fail,operator_handover_shift
2024-01-01 04:50:04.167081,CAR-00193,ST-26,pass,
2024-01-01 04:51:03.208080,CAR-00180,ST-42,pass,
2024-01-01 04:51:05.330169,CAR-00194,ST-26,pass,
2024-01-01 04:51:08.203318,CAR-00206,ST-16,fail,operator_handover_shift
2024-01-01 04:52:10.205884,CAR-00181,ST-42,pass,
2024-01-01 04:52:30.511933,CAR-00207,ST-16,fail,operator_handover_shift
2024-01-01 04:52:30.925449,CAR-00195,ST-26,pass,
2024-01-01 04:53:46.005440,CAR-00182,ST-42,pass,
2024-01-01 04:53:54.702361,CAR-00208,ST-16,fail,operator_handover_shift
2024-01-01 04:54:03.960964,CAR-00196,ST-26,pass,
2024-01-01 04:54:55.405090,CAR-00183,ST-42,pass,
2024-01-01 04:55:16.028962,CAR-00209,ST-16,fail,operator_handover_shift
2024-01-01 04:55:31.352574,CAR-00197,ST-26,pass,
2024-01-01 04:56:26.721396,CAR-00184,ST-42,pass,
2024-01-01 04:56:29.975741,CAR-00198,ST-26,pass,
2024-01-01 04:56:37.129180,CAR-00210,ST-16,fail,operator_handover_shift
2024-01-01 04:57:46.090938,CAR-00185,ST-42,pass,
2024-01-01 04:57:46.927639,CAR-00199,ST-26,pass,
2024-01-01 04:58:02.686132,CAR-00211,ST-16,fail,operator_handover_shift
2024-01-01 04:59:01.538827,CAR-00186,ST-42,pass,
2024-01-01 04:59:03.832810,CAR-00200,ST-26,pass,
2024-01-01 04:59:07.963985,CAR-00212,ST-16,fail,operator_handover_shift
2024-01-01 05:00:31.174211,CAR-00213,ST-16,fail,operator_handover_shift
2024-01-01 05:00:31.603918,CAR-00187,ST-42,pass,
2024-01-01 05:00:46.834682,CAR-00201,ST-26,pass,
2024-01-01 05:01:37.993174,CAR-00188,ST-42,pass,
2024-01-01 05:01:51.027383,CAR-00214,ST-16,fail,operator_handover_shift
2024-01-01 05:01:56.723331,CAR-00202,ST-26,pass,
2024-01-01 05:03:03.187894,CAR-00215,ST-16,fail,operator_handover_shift
2024-01-01 05:03:07.452686,CAR-00189,ST-42,pass,
2024-01-01 05:03:15.665167,CAR-00203,ST-26,pass,
2024-01-01 05:04:12.750336,CAR-00190,ST-42,pass,
2024-01-01 05:04:21.370823,CAR-00204,ST-26,pass,
2024-01-01 05:04:25.226233,CAR-00216,ST-16,fail,operator_handover_shift
2024-01-01 05:05:40.229989,CAR-00191,ST-42,pass,
2024-01-01 05:05:47.412505,CAR-00205,ST-26,pass,
2024-01-01 05:05:52.289212,CAR-00217,ST-16,fail,operator_handover_shift
2024-01-01 05:06:53.006165,CAR-00192,ST-42,pass,
2024-01-01 05:07:01.123927,CAR-00206,ST-26,pass,
2024-01-01 05:07:13.330953,CAR-00218,ST-16,fail,operator_handover_shift
2024-01-01 05:08:16.268638,CAR-00219,ST-16,fail,operator_handover_shift
2024-01-01 05:08:19.258322,CAR-00193,ST-42,pass,
2024-01-01 05:08:20.075162,CAR-00207,ST-26,pass,
2024-01-01 05:09:22.955402,CAR-00194,ST-42,pass,
2024-01-01 05:09:47.041401,CAR-00208,ST-26,pass,
2024-01-01 05:09:52.611313,CAR-00220,ST-16,fail,operator_handover_shift
2024-01-01 05:10:47.926368,CAR-00195,ST-42,pass,
2024-01-01 05:10:51.517464,CAR-00221,ST-16,fail,operator_handover_shift
2024-01-01 05:11:04.911338,CAR-00209,ST-26,pass,
2024-01-01 05:12:12.136467,CAR-00196,ST-42,pass,
2024-01-01 05:12:15.054487,CAR-00222,ST-16,fail,operator_handover_shift
2024-01-01 05:12:26.499157,CAR-00210,ST-26,pass,
2024-01-01 05:13:43.765004,CAR-00223,ST-16,fail,operator_handover_shift
2024-01-01 05:13:49.916950,CAR-00197,ST-42,pass,
2024-01-01 05:14:04.616635,CAR-00211,ST-26,pass,
2024-01-01 05:14:43.506375,CAR-00198,ST-42,pass,
2024-01-01 05:14:55.303285,CAR-00212,ST-26,pass,
2024-01-01 05:15:00.225122,CAR-00224,ST-16,fail,operator_handover_shift
2024-01-01 05:16:05.295952,CAR-00199,ST-42,pass,
2024-01-01 05:16:23.862205,CAR-00225,ST-16,fail,operator_handover_shift
2024-01-01 05:16:30.272427,CAR-00213,ST-26,pass,
2024-01-01 05:17:14.694212,CAR-00200,ST-42,pass,
2024-01-01 05:17:37.629045,CAR-00214,ST-26,pass,
2024-01-01 05:17:43.695252,CAR-00226,ST-16,fail,operator_handover_shift
2024-01-01 05:18:56.207974,CAR-00227,ST-16,fail,operator_handover_shift
2024-01-01 05:18:58.836021,CAR-00215,ST-26,pass,
2024-01-01 05:18:59.605702,CAR-00201,ST-42,pass,
2024-01-01 05:20:13.232712,CAR-00202,ST-42,pass,
2024-01-01 05:20:16.524510,CAR-00228,ST-16,fail,operator_handover_shift
2024-01-01 05:20:24.270113,CAR-00216,ST-26,pass,
2024-01-01 05:21:33.058245,CAR-00229,ST-16,fail,operator_handover_shift
2024-01-01 05:21:33.371163,CAR-00203,ST-42,pass,
2024-01-01 05:21:45.363628,CAR-00217,ST-26,pass,
2024-01-01 05:22:32.605270,CAR-00204,ST-42,pass,
2024-01-01 05:22:54.937350,CAR-00230,ST-16,fail,operator_handover_shift
2024-01-01 05:23:06.724238,CAR-00218,ST-26,pass,
2024-01-01 05:24:04.482339,CAR-00231,ST-16,fail,operator_handover_shift
2024-01-01 05:24:07.306719,CAR-00205,ST-42,pass,
2024-01-01 05:24:08.063662,CAR-00219,ST-26,pass,
2024-01-01 05:25:17.652746,CAR-00206,ST-42,pass,
2024-01-01 05:25:35.317830,CAR-00232,ST-16,fail,operator_handover_shift
2024-01-01 05:25:47.951079,CAR-00220,ST-26,pass,
2024-01-01 05:26:34.220500,CAR-00207,ST-42,pass,
2024-01-01 05:26:45.151437,CAR-00221,ST-26,pass,
2024-01-01 05:26:52.942123,CAR-00233,ST-16,fail,operator_handover_shift
2024-01-01 05:28:03.415124,CAR-00208,ST-42,pass,
2024-01-01 05:28:06.726030,CAR-00222,ST-26,pass,
2024-01-01 05:28:15.740940,CAR-00234,ST-16,fail,operator_handover_shift
2024-01-01 05:29:18.728274,CAR-00209,ST-42,pass,
2024-01-01 05:29:30.339528,CAR-00235,ST-16,fail,operator_handover_shift
2024-01-01 05:29:32.898711,CAR-00223,ST-26,pass,
2024-01-01 05:30:42.168355,CAR-00210,ST-42,pass,
2024-01-01 05:30:45.506504,CAR-00236,ST-16,fail,operator_handover_shift
2024-01-01 05:30:47.168516,CAR-00224,ST-26,pass,
2024-01-01 05:32:09.438004,CAR-00237,ST-16,fail,operator_handover_shift
2024-01-01 05:32:14.421576,CAR-00225,ST-26,pass,
2024-01-01 05:32:15.762098,CAR-00211,ST-42,pass,
2024-01-01 05:33:07.742573,CAR-00212,ST-42,pass,
2024-01-01 05:33:32.184860,CAR-00238,ST-16,fail,operator_handover_shift
2024-01-01 05:33:35.419298,CAR-00226,ST-26,pass,
2024-01-01 05:34:41.022427,CAR-00213,ST-42,pass,
2024-01-01 05:34:41.420331,CAR-00239,ST-16,fail,operator_handover_shift
2024-01-01 05:34:56.001412,CAR-00227,ST-26,pass,
2024-01-01 05:35:54.321731,CAR-00214,ST-42,pass,
2024-01-01 05:35:59.788349,CAR-00240,ST-16,fail,operator_handover_shift
2024-01-01 05:36:03.298184,CAR-00228,ST-26,pass,
2024-01-01 05:37:11.234360,CAR-00215,ST-42,pass,
2024-01-01 05:37:25.538159,CAR-00241,ST-16,fail,operator_handover_shift
2024-01-01 05:37:33.603198,CAR-00229,ST-26,pass,
2024-01-01 05:38:39.995630,CAR-00242,ST-16,fail,operator_handover_shift
2024-01-01 05:38:42.340119,CAR-00216,ST-42,pass,
2024-01-01 05:38:43.729057,CAR-00230,ST-26,pass,
2024-01-01 05:40:02.853573,CAR-00231,ST-26,pass,
2024-01-01 05:40:03.690585,CAR-00243,ST-16,fail,operator_handover_shift
2024-01-01 05:40:05.464763,CAR-00217,ST-42,pass,
2024-01-01 05:41:16.728238,CAR-00218,ST-42,pass,
2024-01-01 05:41:20.670028,CAR-00244,ST-16,fail,operator_handover_shift
2024-01-01 05:41:24.660641,CAR-00232,ST-26,pass,
2024-01-01 05:42:23.077679,CAR-00219,ST-42,pass,
2024-01-01 05:42:44.306631,CAR-00245,ST-16,fail,operator_handover_shift
2024-01-01 05:42:46.316857,CAR-00233,ST-26,pass,
2024-01-01 05:43:55.248846,CAR-00246,ST-16,fail,operator_handover_shift
2024-01-01 05:44:05.181550,CAR-00234,ST-26,pass,
2024-01-01 05:44:06.070624,CAR-00220,ST-42,pass,
2024-01-01 05:45:00.856751,CAR-00221,ST-42,pass,
2024-01-01 05:45:22.329436,CAR-00247,ST-16,fail,operator_handover_shift
2024-01-01 05:45:23.357688,CAR-00235,ST-26,pass,
2024-01-01 05:46:24.641016,CAR-00222,ST-42,pass,
2024-01-01 05:46:39.220960,CAR-00236,ST-26,pass,
2024-01-01 05:46:48.616630,CAR-00248,ST-16,fail,operator_handover_shift
2024-01-01 05:47:45.249268,CAR-00223,ST-42,pass,
2024-01-01 05:48:04.422767,CAR-00237,ST-26,pass,
2024-01-01 05:48:07.216257,CAR-00249,ST-16,fail,operator_handover_shift
2024-01-01 05:49:05.817361,CAR-00224,ST-42,fail,material_quality
2024-01-01 05:49:14.985999,CAR-00250,ST-16,fail,operator_handover_shift
2024-01-01 05:49:20.595479,CAR-00238,ST-26,pass,
2024-01-01 05:50:29.211284,CAR-00225,ST-42,pass,
2024-01-01 05:50:29.466468,CAR-00251,ST-16,fail,operator_handover_shift
2024-01-01 05:50:35.843514,CAR-00239,ST-26,pass,
2024-01-01 05:51:43.818985,CAR-00252,ST-16,fail,operator_handover_shift
2024-01-01 05:51:48.925746,CAR-00226,ST-42,pass,
2024-01-01 05:51:55.318907,CAR-00240,ST-26,pass,
2024-01-01 05:53:04.482667,CAR-00227,ST-42,pass,
2024-01-01 05:53:09.861537,CAR-00253,ST-16,fail,operator_handover_shift
2024-01-01 05:53:18.453941,CAR-00241,ST-26,pass,
2024-01-01 05:54:19.772955,CAR-00228,ST-42,pass,
2024-01-01 05:54:33.766788,CAR-00254,ST-16,fail,operator_handover_shift
2024-01-01 05:54:37.079641,CAR-00242,ST-26,pass,
2024-01-01 05:55:46.091405,CAR-00229,ST-42,pass,
2024-01-01 05:55:55.197262,CAR-00255,ST-16,fail,operator_handover_shift
2024-01-01 05:55:57.327204,CAR-00243,ST-26,pass,
2024-01-01 05:56:59.807223,CAR-00230,ST-42,pass,
2024-01-01 05:57:09.591473,CAR-00244,ST-26,pass,
2024-01-01 05:57:11.442770,CAR-00256,ST-16,fail,operator_handover_shift
2024-01-01 05:58:13.699070,CAR-00231,ST-42,pass,
2024-01-01 05:58:24.192524,CAR-00257,ST-16,fail,operator_handover_shift
2024-01-01 05:58:32.284638,CAR-00245,ST-26,pass,
2024-01-01 05:59:40.609896,CAR-00232,ST-42,pass,
2024-01-01 05:59:45.657736,CAR-00258,ST-16,fail,operator_handover_shift
2024-01-01 05:59:48.895311,CAR-00246,ST-26,pass,
2024-01-01 06:01:02.698980,CAR-00233,ST-42,pass,
2024-01-01 06:01:10.695666,CAR-00259,ST-16,fail,operator_handover_shift
2024-01-01 06:01:17.327297,CAR-00247,ST-26,pass,
2024-01-01 06:02:23.782906,CAR-00234,ST-42,pass,
2024-01-01 06:02:30.569684,CAR-00260,ST-16,fail,operator_handover_shift
2024-01-01 06:02:35.373669,CAR-00248,ST-26,pass,
2024-01-01 06:03:38.069790,CAR-00235,ST-42,pass,
2024-01-01 06:03:47.321013,CAR-00261,ST-16,fail,operator_handover_shift
2024-01-01 06:03:52.544351,CAR-00249,ST-26,pass,
2024-01-01 06:04:58.311336,CAR-00236,ST-42,pass,
2024-01-01 06:05:07.091404,CAR-00250,ST-26,pass,
2024-01-01 06:05:08.651043,CAR-00262,ST-16,fail,operator_handover_shift
2024-01-01 06:06:10.675726,CAR-00263,ST-16,fail,operator_handover_shift
2024-01-01 06:06:12.209390,CAR-00237,ST-42,pass,
2024-01-01 06:06:15.545728,CAR-00251,ST-26,pass,
2024-01-01 06:07:33.772903,CAR-00238,ST-42,pass,
2024-01-01 06:07:34.985656,CAR-00252,ST-26,pass,
2024-01-01 06:07:39.680924,CAR-00264,ST-16,fail,operator_handover_shift
2024-01-01 06:08:53.282920,CAR-00239,ST-42,pass,
2024-01-01 06:09:00.707754,CAR-00253,ST-26,pass,
2024-01-01 06:09:01.215520,CAR-00265,ST-16,fail,operator_handover_shift
2024-01-01 06:10:10.560855,CAR-00240,ST-42,pass,
2024-01-01 06:10:21.405478,CAR-00266,ST-16,fail,operator_handover_shift
2024-01-01 06:10:23.887006,CAR-00254,ST-26,pass,
2024-01-01 06:11:28.962802,CAR-00241,ST-42,pass,
2024-01-01 06:11:36.396757,CAR-00267,ST-16,fail,operator_handover_shift
2024-01-01 06:11:46.134604,CAR-00255,ST-26,pass,
2024-01-01 06:12:47.168660,CAR-00256,ST-26,pass,
2024-01-01 06:12:47.856419,CAR-00242,ST-42,pass,
2024-01-01 06:12:48.888599,CAR-00268,ST-16,fail,operator_handover_shift
2024-01-01 06:14:07.738313,CAR-00243,ST-42,pass,
2024-01-01 06:14:18.371724,CAR-00269,ST-16,fail,operator_handover_shift
2024-01-01 06:14:18.979376,CAR-00257,ST-26,pass,
2024-01-01 06:15:23.675289,CAR-00244,ST-42,pass,
2024-01-01 06:15:29.008472,CAR-00270,ST-16,fail,operator_handover_shift
2024-01-01 06:15:37.901825,CAR-00258,ST-26,pass,
2024-01-01 06:16:47.556492,CAR-00245,ST-42,pass,
2024-01-01 06:17:00.632798,CAR-00271,ST-16,fail,operator_handover_shift
2024-01-01 06:17:03.024072,CAR-00259,ST-26,pass,
2024-01-01 06:18:00.534004,CAR-00246,ST-42,pass,
2024-01-01 06:18:08.250892,CAR-00272,ST-16,fail,operator_handover_shift
2024-01-01 06:18:27.896144,CAR-00260,ST-26,pass,
2024-01-01 06:19:25.470437,CAR-00273,ST-16,fail,operator_handover_shift
2024-01-01 06:19:31.466665,CAR-00247,ST-42,pass,
2024-01-01 06:19:38.039536,CAR-00261,ST-26,pass,
2024-01-01 06:20:52.210066,CAR-00274,ST-16,fail,operator_handover_shift
2024-01-01 06:20:53.928649,CAR-00248,ST-42,pass,
2024-01-01 06:20:57.278893,CAR-00262,ST-26,pass,
2024-01-01 06:22:00.103543,CAR-00249,ST-42,pass,
2024-01-01 06:22:03.646363,CAR-00263,ST-26,pass,
2024-01-01 06:22:06.209127,CAR-00275,ST-16,fail,operator_handover_shift
2024-01-01 06:23:20.990215,CAR-00250,ST-42,pass,
2024-01-01 06:23:23.998654,CAR-00276,ST-16,fail,operator_handover_shift
2024-01-01 06:23:25.533767,CAR-00264,ST-26,pass,
2024-01-01 06:24:33.260135,CAR-00251,ST-42,pass,
2024-01-01 06:24:48.410320,CAR-00277,ST-16,fail,operator_handover_shift
2024-01-01 06:24:56.740886,CAR-00265,ST-26,pass,
2024-01-01 06:25:53.690129,CAR-00252,ST-42,pass,
2024-01-01 06:26:06.591955,CAR-00278,ST-16,fail,operator_handover_shift
2024-01-01 06:26:16.693072,CAR-00266,ST-26,pass,
2024-01-01 06:27:19.544785,CAR-00267,ST-26,pass,
2024-01-01 06:27:20.616300,CAR-00253,ST-42,pass,
2024-01-01 06:27:25.151681,CAR-00279,ST-16,fail,operator_handover_shift
2024-01-01 06:28:37.037769,CAR-00268,ST-26,pass,
2024-01-01 06:28:39.056960,CAR-00254,ST-42,pass,
2024-01-01 06:28:51.239398,CAR-00280,ST-16,fail,operator_handover_shift
2024-01-01 06:30:07.300215,CAR-00281,ST-16,fail,operator_handover_shift
2024-01-01 06:30:08.042301,CAR-00255,ST-42,pass,
2024-01-01 06:30:09.675130,CAR-00269,ST-26,pass,
2024-01-01 06:31:02.278716,CAR-00256,ST-42,pass,
2024-01-01 06:31:14.931191,CAR-00270,ST-26,pass,
2024-01-01 06:31:22.833831,CAR-00282,ST-16,fail,operator_handover_shift
2024-01-01 06:32:33.019602,CAR-00257,ST-42,pass,
2024-01-01 06:32:47.906149,CAR-00283,ST-16,fail,operator_handover_shift
2024-01-01 06:32:51.018598,CAR-00271,ST-26,pass,
2024-01-01 06:33:54.400451,CAR-00284,ST-16,fail,operator_handover_shift
2024-01-01 06:33:56.437546,CAR-00258,ST-42,pass,
2024-01-01 06:34:04.116552,CAR-00272,ST-26,pass,
2024-01-01 06:35:15.976769,CAR-00259,ST-42,pass,
2024-01-01 06:35:20.824524,CAR-00273,ST-26,pass,
2024-01-01 06:35:21.630252,CAR-00285,ST-16,fail,operator_handover_shift
2024-01-01 06:36:40.289233,CAR-00274,ST-26,pass,
2024-01-01 06:36:41.273630,CAR-00260,ST-42,pass,
2024-01-01 06:36:49.137884,CAR-00286,ST-16,fail,operator_handover_shift
2024-01-01 06:37:53.821116,CAR-00261,ST-42,pass,
2024-01-01 06:37:56.596533,CAR-00275,ST-26,pass,
2024-01-01 06:37:56.907612,CAR-00287,ST-16,fail,operator_handover_shift
2024-01-01 06:39:15.405033,CAR-00276,ST-26,pass,
2024-01-01 06:39:23.845581,CAR-00288,ST-16,fail,operator_handover_shift
2024-01-01 06:39:25.575427,CAR-00262,ST-42,pass,
2024-01-01 06:40:16.694213,CAR-00263,ST-42,pass,
2024-01-01 06:40:31.395575,CAR-00289,ST-16,fail,operator_handover_shift
2024-01-01 06:40:37.452163,CAR-00277,ST-26,pass,
2024-01-01 06:41:46.139121,CAR-00264,ST-42,pass,
2024-01-01 06:41:48.532836,CAR-00290,ST-16,fail,operator_handover_shift
2024-01-01 06:41:55.183562,CAR-00278,ST-26,pass,
2024-01-01 06:43:07.018763,CAR-00265,ST-42,pass,
2024-01-01 06:43:08.857131,CAR-00291,ST-16,fail,operator_handover_shift
2024-01-01 06:43:23.852238,CAR-00279,ST-26,pass,
2024-01-01 06:44:31.034251,CAR-00266,ST-42,pass,
2024-01-01 06:44:32.080545,CAR-00292,ST-16,fail,operator_handover_shift
2024-01-01 06:44:46.163604,CAR-00280,ST-26,pass,
2024-01-01 06:45:37.461942,CAR-00267,ST-42,pass,
2024-01-01 06:45:47.230552,CAR-00293,ST-16,fail,operator_handover_shift
2024-01-01 06:45:58.155657,CAR-00281,ST-26,pass,
2024-01-01 06:46:54.789336,CAR-00268,ST-42,pass,
2024-01-01 06:47:06.903671,CAR-00294,ST-16,fail,operator_handover_shift
2024-01-01 06:47:17.527622,CAR-00282,ST-26,pass,
2024-01-01 06:48:19.724982,CAR-00269,ST-42,pass,
2024-01-01 06:48:27.747563,CAR-00295,ST-16,fail,operator_handover_shift
2024-01-01 06:48:39.936932,CAR-00283,ST-26,pass,
2024-01-01 06:49:36.142210,CAR-00270,ST-42,pass,
2024-01-01 06:49:38.277324,CAR-00296,ST-16,fail,operator_handover_shift
2024-01-01 06:49:38.308818,CAR-00284,ST-26,pass,
2024-01-01 06:51:04.205501,CAR-00271,ST-42,pass,
2024-01-01 06:51:05.822898,CAR-00297,ST-16,fail,operator_handover_shift
2024-01-01 06:51:08.735024,CAR-00285,ST-26,pass,
2024-01-01 06:52:24.727683,CAR-00272,ST-42,pass,
2024-01-01 06:52:31.486062,CAR-00298,ST-16,fail,operator_handover_shift
2024-01-01 06:52:44.111532,CAR-00286,ST-26,pass,
2024-01-01 06:53:27.821866,CAR-00273,ST-42,pass,
2024-01-01 06:53:43.149051,CAR-00299,ST-16,fail,operator_handover_shift
2024-01-01 06:53:46.530066,CAR-00287,ST-26,pass,
2024-01-01 06:54:51.466008,CAR-00274,ST-42,pass,
2024-01-01 06:55:04.438102,CAR-00300,ST-16,fail,operator_handover_shift
2024-01-01 06:55:16.025493,CAR-00288,ST-26,pass,
2024-01-01 06:56:06.550118,CAR-00275,ST-42,pass,
2024-01-01 06:56:24.429116,CAR-00301,ST-16,fail,operator_handover_shift
2024-01-01 06:56:24.853708,CAR-00289,ST-26,pass,
2024-01-01 06:57:29.848812,CAR-00276,ST-42,pass,
2024-01-01 06:57:36.306201,CAR-00302,ST-16,fail,operator_handover_shift
2024-01-01 06:57:39.809140,CAR-00290,ST-26,pass,
2024-01-01 06:58:55.347055,CAR-00277,ST-42,pass,
2024-01-01 06:58:59.104578,CAR-00303,ST-16,fail,operator_handover_shift
2024-01-01 06:59:02.528945,CAR-00291,ST-26,pass,
2024-01-01 07:00:07.799227,CAR-00278,ST-42,pass,
2024-01-01 07:00:16.470482,CAR-00292,ST-26,pass,
2024-01-01 07:00:21.078388,CAR-00304,ST-16,fail,operator_handover_shift
2024-01-01 07:01:33.258671,CAR-00279,ST-42,pass,
2024-01-01 07:01:46.151755,CAR-00305,ST-16,fail,operator_handover_shift
2024-01-01 07:01:48.967970,CAR-00293,ST-26,pass,
2024-01-01 07:02:56.541936,CAR-00294,ST-26,pass,
2024-01-01 07:03:07.072996,CAR-00306,ST-16,fail,operator_handover_shift
2024-01-01 07:03:09.110189,CAR-00280,ST-42,pass,
2024-01-01 07:04:14.266380,CAR-00307,ST-16,fail,operator_handover_shift
2024-01-01 07:04:15.914840,CAR-00281,ST-42,pass,
2024-01-01 07:04:17.258452,CAR-00295,ST-26,pass,
2024-01-01 07:05:30.687772,CAR-00282,ST-42,pass,
2024-01-01 07:05:33.636846,CAR-00296,ST-26,pass,
2024-01-01 07:05:40.608337,CAR-00308,ST-16,fail,operator_handover_shift
2024-01-01 07:06:53.498711,CAR-00283,ST-42,pass,
2024-01-01 07:06:57.514895,CAR-00297,ST-26,pass,
2024-01-01 07:07:01.357461,CAR-00309,ST-16,fail,operator_handover_shift
2024-01-01 07:07:57.296053,CAR-00284,ST-42,pass,
2024-01-01 07:08:11.847043,CAR-00310,ST-16,fail,operator_handover_shift
2024-01-01 07:08:25.097571,CAR-00298,ST-26,pass,
2024-01-01 07:09:16.368907,CAR-00285,ST-42,pass,
2024-01-01 07:09:32.627909,CAR-00299,ST-26,pass,
2024-01-01 07:09:38.142192,CAR-00311,ST-16,fail,operator_handover_shift
2024-01-01 07:10:41.457940,CAR-00312,ST-16,fail,operator_handover_shift
2024-01-01 07:10:57.383237,CAR-00300,ST-26,pass,
2024-01-01 07:10:58.826289,CAR-00286,ST-42,pass,
2024-01-01 07:12:03.160452,CAR-00313,ST-16,fail,operator_handover_shift
2024-01-01 07:12:06.336276,CAR-00301,ST-26,pass,
2024-01-01 07:12:07.954977,CAR-00287,ST-42,pass,
2024-01-01 07:13:29.742963,CAR-00314,ST-16,fail,operator_handover_shift
2024-01-01 07:13:30.033463,CAR-00302,ST-26,pass,
2024-01-01 07:13:34.970958,CAR-00288,ST-42,pass,
2024-01-01 07:14:45.653167,CAR-00315,ST-16,fail,operator_handover_shift
2024-01-01 07:14:47.228337,CAR-00289,ST-42,pass,
2024-01-01 07:15:02.523023,CAR-00303,ST-26,pass,
2024-01-01 07:15:52.425303,CAR-00290,ST-42,pass,
2024-01-01 07:16:06.095405,CAR-00316,ST-16,fail,operator_handover_shift
2024-01-01 07:16:08.781914,CAR-00304,ST-26,pass,
2024-01-01 07:17:15.671782,CAR-00291,ST-42,pass,
2024-01-01 07:17:22.061885,CAR-00317,ST-16,fail,operator_handover_shift
2024-01-01 07:17:33.508689,CAR-00305,ST-26,pass,
2024-01-01 07:18:29.040233,CAR-00292,ST-42,pass,
2024-01-01 07:18:38.994244,CAR-00318,ST-16,fail,operator_handover_shift
2024-01-01 07:18:54.994032,CAR-00306,ST-26,pass,
2024-01-01 07:19:56.470126,CAR-00293,ST-42,pass,
2024-01-01 07:19:58.396380,CAR-00307,ST-26,pass,
2024-01-01 07:20:06.744942,CAR-00319,ST-16,fail,operator_handover_shift
2024-01-01 07:21:11.447332,CAR-00294,ST-42,pass,
2024-01-01 07:21:18.867665,CAR-00320,ST-16,fail,operator_handover_shift
2024-01-01 07:21:35.989372,CAR-00308,ST-26,pass,
2024-01-01 07:22:27.544974,CAR-00295,ST-42,pass,
2024-01-01 07:22:45.124472,CAR-00309,ST-26,pass,
2024-01-01 07:22:52.163160,CAR-00321,ST-16,fail,operator_handover_shift
2024-01-01 07:23:45.255899,CAR-00296,ST-42,pass,
2024-01-01 07:24:01.567482,CAR-00322,ST-16,fail,operator_handover_shift
2024-01-01 07:24:01.952249,CAR-00310,ST-26,pass,
2024-01-01 07:25:12.429633,CAR-00297,ST-42,pass,
2024-01-01 07:25:16.836825,CAR-00323,ST-16,fail,operator_handover_shift
2024-01-01 07:25:21.618559,CAR-00311,ST-26,pass,
2024-01-01 07:26:27.533341,CAR-00312,ST-26,pass,
2024-01-01 07:26:36.444278,CAR-00324,ST-16,fail,operator_handover_shift
2024-01-01 07:26:40.199159,CAR-00298,ST-42,pass,
2024-01-01 07:27:52.217934,CAR-00299,ST-42,pass,
2024-01-01 07:27:53.968665,CAR-00313,ST-26,pass,
2024-01-01 07:27:56.684509,CAR-00325,ST-16,fail,operator_handover_shift
2024-01-01 07:28:59.778584,CAR-00300,ST-42,pass,
2024-01-01 07:29:23.659451,CAR-00326,ST-16,fail,operator_handover_shift
2024-01-01 07:29:23.938997,CAR-00314,ST-26,pass,
2024-01-01 07:30:22.584493,CAR-00301,ST-42,pass,
2024-01-01 07:30:27.803480,CAR-00327,ST-16,fail,operator_handover_shift
2024-01-01 07:30:36.865454,CAR-00315,ST-26,pass,
2024-01-01 07:31:42.299678,CAR-00302,ST-42,pass,
2024-01-01 07:31:51.281446,CAR-00316,ST-26,pass,
2024-01-01 07:31:58.345986,CAR-00328,ST-16,fail,operator_handover_shift
2024-01-01 07:33:09.655908,CAR-00303,ST-42,pass,
2024-01-01 07:33:12.951720,CAR-00329,ST-16,fail,operator_handover_shift
2024-01-01 07:33:13.817751,CAR-00317,ST-26,pass,
2024-01-01 07:34:23.125489,CAR-00304,ST-42,pass,
2024-01-01 07:34:31.817809,CAR-00318,ST-26,pass,
2024-01-01 07:34:45.661611,CAR-00330,ST-16,fail,operator_handover_shift
2024-01-01 07:35:40.047568,CAR-00305,ST-42,pass,
2024-01-01 07:35:50.310513,CAR-00331,ST-16,fail,operator_handover_shift
2024-01-01 07:35:58.658281,CAR-00319,ST-26,pass,
2024-01-01 07:37:12.862627,CAR-00332,ST-16,fail,operator_handover_shift
2024-01-01 07:37:13.336949,CAR-00320,ST-26,pass,
2024-01-01 07:37:14.134982,CAR-00306,ST-42,pass,
2024-01-01 07:38:14.017752,CAR-00307,ST-42,pass,
2024-01-01 07:38:29.094016,CAR-00333,ST-16,fail,operator_handover_shift
2024-01-01 07:38:40.346839,CAR-00321,ST-26,pass,
2024-01-01 07:39:50.042582,CAR-00322,ST-26,pass,
2024-01-01 07:39:57.500407,CAR-00334,ST-16,fail,operator_handover_shift
2024-01-01 07:40:01.407052,CAR-00308,ST-42,pass,
2024-01-01 07:40:58.202841,CAR-00309,ST-42,pass,
2024-01-01 07:41:07.311609,CAR-00335,ST-16,fail,material_quality
2024-01-01 07:41:10.378684,CAR-00323,ST-26,pass,
2024-01-01 07:42:19.174921,CAR-00310,ST-42,pass,
2024-01-01 07:42:27.232630,CAR-00336,ST-16,fail,operator_handover_shift
2024-01-01 07:42:31.648467,CAR-00324,ST-26,pass,
2024-01-01 07:43:31.147212,CAR-00311,ST-42,pass,
2024-01-01 07:43:47.043382,CAR-00325,ST-26,pass,
2024-01-01 07:43:47.134013,CAR-00337,ST-16,fail,operator_handover_shift
2024-01-01 07:44:46.125776,CAR-00312,ST-42,pass,
2024-01-01 07:45:06.315911,CAR-00338,ST-16,fail,operator_handover_shift
2024-01-01 07:45:17.555554,CAR-00326,ST-26,pass,
2024-01-01 07:46:10.924647,CAR-00313,ST-42,pass,
2024-01-01 07:46:15.188273,CAR-00327,ST-26,pass,
2024-01-01 07:46:21.754976,CAR-00339,ST-16,fail,operator_handover_shift
2024-01-01 07:47:36.046455,CAR-00314,ST-42,pass,
2024-01-01 07:47:45.156228,CAR-00328,ST-26,pass,
2024-01-01 07:47:48.005074,CAR-00340,ST-16,fail,operator_handover_shift
2024-01-01 07:48:56.382500,CAR-00315,ST-42,pass,
2024-01-01 07:49:01.804869,CAR-00329,ST-26,pass,
2024-01-01 07:49:05.008211,CAR-00341,ST-16,fail,operator_handover_shift
2024-01-01 07:50:06.944917,CAR-00316,ST-42,pass,
2024-01-01 07:50:25.054884,CAR-00342,ST-16,fail,operator_handover_shift
2024-01-01 07:50:43.516043,CAR-00330,ST-26,pass,
2024-01-01 07:51:27.235742,CAR-00317,ST-42,pass,
2024-01-01 07:51:36.196759,CAR-00343,ST-16,fail,operator_handover_shift
2024-01-01 07:51:40.393887,CAR-00331,ST-26,pass,
2024-01-01 07:52:48.925550,CAR-00318,ST-42,pass,
2024-01-01 07:53:03.366208,CAR-00344,ST-16,fail,operator_handover_shift
2024-01-01 07:53:08.498955,CAR-00332,ST-26,pass,
2024-01-01 07:54:14.946520,CAR-00319,ST-42,pass,
2024-01-01 07:54:16.191477,CAR-00345,ST-16,fail,operator_handover_shift
2024-01-01 07:54:18.121467,CAR-00333,ST-26,pass,
2024-01-01 07:55:20.220951,CAR-00320,ST-42,pass,
2024-01-01 07:55:43.887312,CAR-00334,ST-26,pass,
2024-01-01 07:55:44.613281,CAR-00346,ST-16,fail,operator_handover_shift
2024-01-01 07:56:57.090061,CAR-00347,ST-16,fail,operator_handover_shift
2024-01-01 07:57:00.195971,CAR-00321,ST-42,pass,
2024-01-01 07:57:00.280001,CAR-00335,ST-26,pass,
2024-01-01 07:57:57.646735,CAR-00322,ST-42,pass,
2024-01-01 07:58:12.266469,CAR-00348,ST-16,fail,operator_handover_shift
2024-01-01 07:58:20.096845,CAR-00336,ST-26,pass,
2024-01-01 07:59:32.563729,CAR-00323,ST-42,pass,
2024-01-01 07:59:35.962349,CAR-00349,ST-16,fail,operator_handover_shift
2024-01-01 07:59:38.089218,CAR-00337,ST-26,fail,material_quality
2024-01-01 08:00:47.575857,CAR-00324,ST-42,pass,
2024-01-01 08:00:54.712563,CAR-00350,ST-16,fail,operator_handover_shift
2024-01-01 08:00:55.780034,CAR-00338,ST-26,pass,
2024-01-01 08:02:04.223509,CAR-00325,ST-42,pass,
2024-01-01 08:02:08.584899,CAR-00339,ST-26,pass,
2024-01-01 08:02:14.058192,CAR-00351,ST-16,fail,operator_handover_shift
2024-01-01 08:03:28.959934,CAR-00352,ST-16,fail,operator_handover_shift
2024-01-01 08:03:36.800899,CAR-00326,ST-42,pass,
2024-01-01 08:03:46.726757,CAR-00340,ST-26,pass,
2024-01-01 08:04:32.458385,CAR-00327,ST-42,pass,
2024-01-01 08:04:42.556847,CAR-00353,ST-16,fail,operator_handover_shift
2024-01-01 08:04:50.169203,CAR-00341,ST-26,pass,
2024-01-01 08:06:05.396322,CAR-00328,ST-42,pass,
2024-01-01 08:06:16.315871,CAR-00342,ST-26,pass,
2024-01-01 08:06:19.455650,CAR-00354,ST-16,fail,operator_handover_shift
2024-01-01 08:07:15.490518,CAR-00329,ST-42,pass,
2024-01-01 08:07:24.536654,CAR-00343,ST-26,pass,
2024-01-01 08:07:31.332541,CAR-00355,ST-16,fail,operator_handover_shift
2024-01-01 08:08:48.819146,CAR-00356,ST-16,fail,operator_handover_shift
2024-01-01 08:08:58.659200,CAR-00330,ST-42,pass,
2024-01-01 08:08:59.078510,CAR-00344,ST-26,pass,
2024-01-01 08:09:57.589958,CAR-00331,ST-42,pass,
2024-01-01 08:10:08.729453,CAR-00357,ST-16,fail,operator_handover_shift
2024-01-01 08:10:13.703337,CAR-00345,ST-26,pass,
2024-01-01 08:11:19.262153,CAR-00332,ST-42,pass,
2024-01-01 08:11:31.323769,CAR-00358,ST-16,fail,operator_handover_shift
2024-01-01 08:11:32.244378,CAR-00346,ST-26,pass,
2024-01-01 08:12:35.041018,CAR-00333,ST-42,pass,
2024-01-01 08:12:44.425783,CAR-00359,ST-16,fail,operator_handover_shift
2024-01-01 08:12:49.544325,CAR-00347,ST-26,pass,
2024-01-01 08:13:56.422073,CAR-00334,ST-42,pass,
2024-01-01 08:13:58.263158,CAR-00360,ST-16,fail,operator_handover_shift
2024-01-01 08:14:08.448011,CAR-00348,ST-26,pass,
2024-01-01 08:15:13.080018,CAR-00335,ST-42,pass,
2024-01-01 08:15:26.277254,CAR-00349,ST-26,pass,
2024-01-01 08:15:33.834274,CAR-00361,ST-16,fail,operator_handover_shift
2024-01-01 08:16:29.205850,CAR-00336,ST-42,pass,
2024-01-01 08:16:40.704713,CAR-00362,ST-16,fail,operator_handover_shift
2024-01-01 08:16:46.613491,CAR-00350,ST-26,pass,
2024-01-01 08:17:50.185875,CAR-00337,ST-42,pass,
2024-01-01 08:17:58.504484,CAR-00363,ST-16,fail,operator_handover_shift
2024-01-01 08:18:07.440218,CAR-00351,ST-26,pass,
2024-01-01 08:19:11.470965,CAR-00338,ST-42,pass,
2024-01-01 08:19:17.386742,CAR-00364,ST-16,fail,material_quality
2024-01-01 08:19:21.470498,CAR-00352,ST-26,pass,
2024-01-01 08:20:24.287488,CAR-00339,ST-42,pass,
2024-01-01 08:20:35.184710,CAR-00353,ST-26,pass,
2024-01-01 08:20:36.180083,CAR-00365,ST-16,fail,operator_handover_shift
2024-01-01 08:21:57.830463,CAR-00366,ST-16,fail,operator_handover_shift
2024-01-01 08:22:02.251042,CAR-00340,ST-42,pass,
2024-01-01 08:22:05.704496,CAR-00354,ST-26,pass,
2024-01-01 08:23:02.346893,CAR-00341,ST-42,pass,
2024-01-01 08:23:14.854338,CAR-00367,ST-16,fail,operator_handover_shift
2024-01-01 08:23:20.557902,CAR-00355,ST-26,pass,
2024-01-01 08:24:29.202698,CAR-00342,ST-42,pass,
2024-01-01 08:24:38.536127,CAR-00356,ST-26,pass,
2024-01-01 08:24:42.118077,CAR-00368,ST-16,fail,operator_handover_shift
2024-01-01 08:25:32.481076,CAR-00343,ST-42,pass,
2024-01-01 08:25:52.448939,CAR-00369,ST-16,fail,operator_handover_shift
2024-01-01 08:25:59.430027,CAR-00357,ST-26,pass,
2024-01-01 08:27:09.124525,CAR-00344,ST-42,pass,
2024-01-01 08:27:19.227830,CAR-00370,ST-16,fail,operator_handover_shift
2024-01-01 08:27:20.389710,CAR-00358,ST-26,pass,
2024-01-01 08:28:25.270697,CAR-00345,ST-42,pass,
2024-01-01 08:28:30.186729,CAR-00371,ST-16,fail,operator_handover_shift
2024-01-01 08:28:34.016060,CAR-00359,ST-26,pass,
2024-01-01 08:29:43.267875,CAR-00372,ST-16,fail,operator_handover_shift
2024-01-01 08:29:48.318171,CAR-00360,ST-26,pass,
2024-01-01 08:29:48.386364,CAR-00346,ST-42,pass,
2024-01-01 08:31:02.340753,CAR-00347,ST-42,pass,
2024-01-01 08:31:04.495459,CAR-00373,ST-16,fail,operator_handover_shift
2024-01-01 08:31:21.921944,CAR-00361,ST-26,pass,
2024-01-01 08:32:22.209513,CAR-00348,ST-42,pass,
2024-01-01 08:32:27.559286,CAR-00362,ST-26,pass,
2024-01-01 08:32:30.403018,CAR-00374,ST-16,fail,operator_handover_shift
2024-01-01 08:33:38.780941,CAR-00349,ST-42,pass,
2024-01-01 08:33:46.670412,CAR-00375,ST-16,fail,operator_handover_shift
2024-01-01 08:33:58.363099,CAR-00363,ST-26,pass,
2024-01-01 08:35:00.519239,CAR-00376,ST-16,fail,operator_handover_shift
2024-01-01 08:35:01.442036,CAR-00350,ST-42,pass,
2024-01-01 08:35:14.811048,CAR-00364,ST-26,pass,
2024-01-01 08:36:27.039021,CAR-00377,ST-16,fail,operator_handover_shift
2024-01-01 08:36:27.491039,CAR-00351,ST-42,pass,
2024-01-01 08:36:28.838543,CAR-00365,ST-26,pass,
2024-01-01 08:37:36.457047,CAR-00352,ST-42,pass,
2024-01-01 08:37:45.988129,CAR-00378,ST-16,fail,operator_handover_shift
2024-01-01 08:37:48.506117,CAR-00366,ST-26,pass,
2024-01-01 08:38:47.011219,CAR-00353,ST-42,pass,
2024-01-01 08:38:58.102738,CAR-00379,ST-16,fail,operator_handover_shift
2024-01-01 08:39:03.447726,CAR-00367,ST-26,pass,
2024-01-01 08:40:20.532473,CAR-00354,ST-42,pass,
2024-01-01 08:40:21.130389,CAR-00380,ST-16,fail,operator_handover_shift
2024-01-01 08:40:33.966111,CAR-00368,ST-26,pass,
2024-01-01 08:41:37.290366,CAR-00369,ST-26,pass,
2024-01-01 08:41:38.067751,CAR-00355,ST-42,pass,
2024-01-01 08:41:47.111283,CAR-00381,ST-16,fail,operator_handover_shift
2024-01-01 08:42:55.172294,CAR-00356,ST-42,pass,
2024-01-01 08:43:00.835567,CAR-00382,ST-16,fail,operator_handover_shift
2024-01-01 08:43:01.982586,CAR-00370,ST-26,pass,
2024-01-01 08:44:15.368574,CAR-00357,ST-42,pass,
2024-01-01 08:44:19.480125,CAR-00383,ST-16,fail,operator_handover_shift
2024-01-01 08:44:23.369853,CAR-00371,ST-26,pass,
2024-01-01 08:45:34.636888,CAR-00372,ST-26,pass,
2024-01-01 08:45:37.298158,CAR-00358,ST-42,pass,
2024-01-01 08:45:40.105846,CAR-00384,ST-16,fail,operator_handover_shift
2024-01-01 08:46:53.151769,CAR-00385,ST-16,fail,operator_handover_shift
2024-01-01 08:46:54.727486,CAR-00373,ST-26,pass,
2024-01-01 08:46:55.177844,CAR-00359,ST-42,pass,
2024-01-01 08:47:59.509064,CAR-00360,ST-42,pass,
2024-01-01 08:48:18.720414,CAR-00374,ST-26,pass,
2024-01-01 08:48:24.821575,CAR-00386,ST-16,fail,operator_handover_shift
2024-01-01 08:49:36.618773,CAR-00375,ST-26,pass,
2024-01-01 08:49:37.303143,CAR-00361,ST-42,pass,
2024-01-01 08:49:38.674903,CAR-00387,ST-16,fail,operator_handover_shift
2024-01-01 08:50:45.318956,CAR-00362,ST-42,pass,
2024-01-01 08:50:56.123862,CAR-00388,ST-16,fail,operator_handover_shift
2024-01-01 08:50:56.187984,CAR-00376,ST-26,pass,
2024-01-01 08:52:16.170421,CAR-00363,ST-42,pass,
2024-01-01 08:52:22.786956,CAR-00377,ST-26,pass,
2024-01-01 08:52:24.285686,CAR-00389,ST-16,fail,operator_handover_shift
2024-01-01 08:53:24.200664,CAR-00390,ST-16,fail,operator_handover_shift
2024-01-01 08:53:28.940167,CAR-00364,ST-42,pass,
2024-01-01 08:53:28.967912,CAR-00378,ST-26,pass,
2024-01-01 08:54:46.442612,CAR-00365,ST-42,pass,
2024-01-01 08:54:48.923956,CAR-00379,ST-26,pass,
2024-01-01 08:54:48.941308,CAR-00391,ST-16,fail,operator_handover_shift
2024-01-01 08:56:08.090575,CAR-00392,ST-16,fail,operator_handover_shift
2024-01-01 08:56:11.319725,CAR-00366,ST-42,pass,
2024-01-01 08:56:12.226006,CAR-00380,ST-26,pass,
2024-01-01 08:57:12.827248,CAR-00367,ST-42,pass,
2024-01-01 08:57:27.489041,CAR-00393,ST-16,fail,operator_handover_shift
2024-01-01 08:57:33.646238,CAR-00381,ST-26,pass,
2024-01-01 08:58:43.963803,CAR-00382,ST-26,pass,
2024-01-01 08:58:50.577237,CAR-00368,ST-42,pass,
2024-01-01 08:58:59.497519,CAR-00394,ST-16,fail,operator_handover_shift
2024-01-01 08:59:53.221077,CAR-00369,ST-42,pass,
2024-01-01 09:00:14.028257,CAR-00383,ST-26,pass,
2024-01-01 09:00:14.553351,CAR-00395,ST-16,fail,operator_handover_shift
2024-01-01 09:01:15.971655,CAR-00370,ST-42,pass,
2024-01-01 09:01:23.265414,CAR-00396,ST-16,fail,operator_handover_shift
2024-01-01 09:01:43.114771,CAR-00384,ST-26,pass,
2024-01-01 09:02:35.199873,CAR-00371,ST-42,pass,
2024-01-01 09:02:39.355101,CAR-00397,ST-16,fail,operator_handover_shift
2024-01-01 09:02:48.545659,CAR-00385,ST-26,pass,
2024-01-01 09:03:48.029581,CAR-00372,ST-42,pass,
2024-01-01 09:04:08.615607,CAR-00398,ST-16,fail,operator_handover_shift
2024-01-01 09:04:13.946621,CAR-00386,ST-26,pass,
2024-01-01 09:05:08.629112,CAR-00373,ST-42,pass,
2024-01-01 09:05:14.479238,CAR-00399,ST-16,fail,operator_handover_shift
2024-01-01 09:05:28.043688,CAR-00387,ST-26,pass,
2024-01-01 09:06:29.231303,CAR-00374,ST-42,pass,
2024-01-01 09:06:38.998720,CAR-00388,ST-26,pass,
2024-01-01 09:07:53.906068,CAR-00375,ST-42,pass,
2024-01-01 09:08:13.758793,CAR-00389,ST-26,pass,
2024-01-01 09:09:06.095438,CAR-00376,ST-42,pass,
2024-01-01 09:09:11.880599,CAR-00390,ST-26,pass,
2024-01-01 09:10:40.223461,CAR-00391,ST-26,pass,
2024-01-01 09:10:42.024683,CAR-00377,ST-42,pass,
2024-01-01 09:11:40.350455,CAR-00378,ST-42,pass,
2024-01-01 09:11:55.962536,CAR-00392,ST-26,pass,
2024-01-01 09:13:01.283803,CAR-00379,ST-42,pass,
2024-01-01 09:13:29.824217,CAR-00393,ST-26,pass,
2024-01-01 09:14:31.104986,CAR-00380,ST-42,pass,
2024-01-01 09:14:45.906414,CAR-00394,ST-26,pass,
2024-01-01 09:15:50.706432,CAR-00381,ST-42,pass,
2024-01-01 09:16:05.726408,CAR-00395,ST-26,pass,
2024-01-01 09:17:00.124991,CAR-00382,ST-42,pass,
2024-01-01 09:17:16.253546,CAR-00396,ST-26,pass,
2024-01-01 09:18:26.769646,CAR-00397,ST-26,pass,
2024-01-01 09:18:34.521161,CAR-00383,ST-42,pass,
2024-01-01 09:20:02.617362,CAR-00398,ST-26,pass,
2024-01-01 09:20:03.107745,CAR-00384,ST-42,pass,
2024-01-01 09:20:54.947596,CAR-00399,ST-26,pass,
2024-01-01 09:21:03.498225,CAR-00385,ST-42,pass,
2024-01-01 09:22:29.203404,CAR-00386,ST-42,pass,
2024-01-01 09:23:37.572908,CAR-00387,ST-42,pass,
2024-01-01 09:24:58.298760,CAR-00388,ST-42,pass,
2024-01-01 09:26:27.784548,CAR-00389,ST-42,pass,
2024-01-01 09:27:20.317390,CAR-00390,ST-42,pass,
2024-01-01 09:28:54.264657,CAR-00391,ST-42,pass,
2024-01-01 09:30:14.614146,CAR-00392,ST-42,pass,
2024-01-01 09:31:54.332138,CAR-00393,ST-42,pass,
2024-01-01 09:32:59.295868,CAR-00394,ST-42,pass,
2024-01-01 09:34:19.731005,CAR-00395,ST-42,pass,
2024-01-01 09:35:29.985168,CAR-00396,ST-42,pass,
2024-01-01 09:36:37.588419,CAR-00397,ST-42,pass,
2024-01-01 09:38:23.222621,CAR-00398,ST-42,pass,
2024-01-01 09:39:08.048056,CAR-00399,ST-42,pass,
